Page,Primary Keywords,Secondary Keywords,Search Intent,Recommended Page Title,Recommended Meta Description,Notes
"/dentists","Dr Krushnakumar Modi; Dr. Modi dentist","implant dentist in Thane; Dantam dentists","Doctor/name search","Our Dentists in Thane | Dr. Krushnakumar Modi & Team","Meet Dr. Krushnakumar Modi, Dr. Blanch Gonsalves Modi and the visiting dental specialists at Dantam Dental Care in Thane.","One unique title for the /dentists page. If you want stronger Dr. Modi targeting, consider a future individual doctor page."
"/locations","Dentist near me","dental clinic near me; dentist in Thane; dentist in Nalasopara","Local dentist search","Dental Clinic Locations in Thane & Nalasopara | Dantam","Find Dantam Dental Care clinics in Majiwada, Shreenagar and Nalasopara. View addresses, timings, phone numbers and directions.","Hub page for all clinic locations."
"/locations/majiwada","Dentist near me","dentist in Majiwada; dental clinic in Thane West; Dantam Dental Care Majiwada","Local branch search","Dantam Dental Care Majiwada | Dentist in Thane West","Visit Dantam Dental Care in Majiwada, Thane West. View clinic address, timings, phone number, map directions and available dental services.","Branch-specific title for Majiwada."
"/locations/shreenagar","Dr. Modi dentist; Dentist near me","Modi Dental Clinic Shreenagar; dentist in Wagle Estate; dentist in Thane","Local branch/doctor search","Modi Dental Clinic Shreenagar | Dentist in Thane","Visit Modi Dental Clinic in Shreenagar, Wagle Estate, managed by Dr. Krushnakumar Modi. View address, timings, phone and directions.","Branch-specific title for Shreenagar."
"/locations/nalasopara","Dentist near me","Gonsalves Dental Care Nalasopara; dentist in Nalasopara West","Local branch search","Gonsalves Dental Care Nalasopara | Dental Clinic","Visit Gonsalves Dental Care in Nalasopara West, managed by Dr. Blanch Gonsalves Modi. View address, timings, phone and directions.","Branch-specific title for Nalasopara."
"/services/child-dental-care","Pedodontics near me; Child Dentist near me","children's dentist; child dental care; preventive dentistry","Child dental service search","Child Dentist & Pedodontics in Thane | Dantam","Gentle child dental care and pedodontic consultations at Dantam Dental Care for kids, preventive dentistry and comfortable visits.","One title covering both child dentist and pedodontics."
"/services/aligners","Aligners Specialist near me","clear aligners; invisible aligners; Invisalign provider","Orthodontic service search","Aligners Specialist in Thane | Dantam Dental Care","Explore clear aligners at Dantam Dental Care with digital scanning, treatment planning and consultation support at our clinic locations.","Confirm if Invisalign should be included in the final title."
"/services/braces","Braces Specialist near me","orthodontic treatment; metal braces; ceramic braces","Orthodontic service search","Braces Specialist in Thane | Dantam Dental Care","Get braces consultation at Dantam Dental Care for teeth alignment and bite correction, with metal and ceramic options where suitable.","Unique title for braces service."
"/services/implants","Dental Implant clinic near me","dental implants; implant dentist; implantologist in Thane","Dental implant service search","Dental Implant Clinic in Thane | Dantam Dental Care","Learn about dental implants at Dantam Dental Care, including digital planning, implant placement and tooth replacement consultation.","Supports Dr. Krushnakumar Modi internally without duplicating dentist page title."
"/services/tooth-extraction","Wisdom teeth removal","tooth extraction; surgical extraction; tooth removal","Oral surgery/tooth extraction search","Wisdom Teeth Removal in Thane | Dantam Dental Care","Get wisdom tooth and tooth extraction consultation at Dantam Dental Care with digital assessment, local anaesthesia and recovery guidance.","Public page remains Tooth Extraction while title targets wisdom teeth."
"/services/root-canal-treatments","Single sitting Root canal treatment","single-sitting RCT; painless RCT; root canal treatment","Root canal service search","Single-Sitting Root Canal Treatment in Thane | Dantam","Modern root canal treatments at Dantam Dental Care, including single-sitting RCT where suitable, with diagnosis and restoration guidance.","Title uses Dantam to stay concise."
"/services/intraoral-scanner","Dental 3d Scanner","intraoral scanner; digital dental scanner; digital impressions","Dental technology search","Dental 3D Scanner in Thane | Dantam Dental Care","Experience digital dental scanning at Dantam Dental Care for aligners, crowns, implants and treatment planning without messy impressions.","Public page name remains Intraoral Scanner."
"/about","Painless Dentist / Minimal pain dental clinic","calm dental clinic; patient-first dentist; comfortable dentistry","Comfort/anxiety search","Minimal-Pain Dental Clinic in Thane | Dantam Dental Care","Dantam Dental Care focuses on calm, patient-first dentistry with modern technology, clear guidance and comfort-led treatment planning.","Avoid overpromising absolute painless treatment."
